video_file_name,group_emotion,group_emotion_category,class_emotion,class_valence,class_arousal,event_emotion,event
70_25,8,0,8,0.5144725,0.5374987,0,0
222_11,8,0,8,0.5149785,0.5221814,0,0
268_6,8,0,8,0.581498,0.5687301,0,0
209_15,8,0,8,0.5194012,0.4664788,0,0
11_12,8,0,8,0.50211287,0.46599072,0,0
294_47,8,0,8,0.5351106,0.49498367,0,0
298_33,8,0,8,0.562422,0.47121063,0,0
44_18,8,0,8,0.40939185,0.510613,0,0
125_1,8,0,8,0.5516772,0.47250834,0,0
70_27,8,0,8,0.48383665,0.5122086,0,0
335_1,8,0,8,0.5664815,0.52759725,0,0
86_20,8,0,8,0.4668223,0.51223886,0,0
294_2,8,0,8,0.5010754,0.52700347,0,0
325_11,8,0,8,0.56696343,0.46481282,0,0
298_41,8,0,8,0.57535094,0.48762828,0,0
284_3,8,0,8,0.5027312,0.5166469,0,0
294_28,8,0,8,0.5215466,0.4881029,0,0
289_52,8,0,8,0.49271786,0.46964642,0,0
289_40,8,0,8,0.5108664,0.50311536,0,0
44_13,8,0,8,0.40830478,0.5038479,0,0
115_8,8,0,8,0.5886708,0.52535486,0,0
159_6,8,0,8,0.44059193,0.53457904,0,0
289_67,8,0,8,0.57386947,0.5357823,0,0
298_57,8,0,8,0.67499995,0.5566819,0,0
5_6,8,0,8,0.510319,0.4410509,0,0
268_2,8,0,8,0.55768204,0.5103599,0,0
81_24,8,0,8,0.4322861,0.49506295,0,0
294_20,8,0,8,0.5277425,0.47797924,0,0
284_2,8,0,8,0.3944167,0.52969635,0,0
70_21,8,0,8,0.545045,0.47440344,0,0
44_11,8,0,8,0.55762696,0.5857792,0,0
54_7,8,0,8,0.528943,0.5297036,0,0
55_5,8,0,8,0.5493114,0.5475277,0,0
145_2,8,0,8,0.55946594,0.579699,0,0
86_30,8,0,8,0.5504218,0.45983934,0,0
179_2,8,0,8,0.45682904,0.41885227,0,0
306_20,8,0,8,0.60693693,0.40427807,0,0
27_3,8,0,8,0.35550597,0.49598104,0,0
212_5,8,0,8,0.5871538,0.5983019,0,0
27_17,8,0,8,0.3913992,0.49026477,0,0
306_13,8,0,8,0.5796186,0.45490777,0,0
165_1,8,0,8,0.5183209,0.5113086,0,0
100_1,8,0,8,0.47652203,0.5183285,0,0
86_55,8,0,8,0.5009616,0.47751814,0,0
289_42,8,0,8,0.58466846,0.4262459,0,0
294_17,8,0,8,0.6416639,0.5109838,0,0
325_27,8,0,8,0.5682683,0.46288767,0,0
306_6,8,0,8,0.41519374,0.4986027,0,0
268_7,8,0,8,0.5880688,0.54036725,0,0
325_18,8,0,8,0.5323077,0.42812285,0,0
81_25,8,0,8,0.52791774,0.47654265,0,0
314_5,8,0,8,0.5688714,0.5116448,0,0
298_38,8,0,8,0.5060895,0.49776042,0,0
239_1,8,0,8,0.6084758,0.585097,0,0
222_18,8,0,8,0.3884669,0.4985744,0,0
289_63,8,0,8,0.5407633,0.5050099,0,0
157_16,8,0,8,0.545396,0.44293618,0,0
298_51,8,0,8,0.53389,0.43277666,0,0
5_16,8,0,8,0.5046749,0.53320396,0,0
314_4,8,0,8,0.5348843,0.5026738,0,0
314_3,8,0,8,0.62622184,0.50834465,0,0
53_40,8,0,8,0.52635366,0.56043565,0,0
209_7,8,0,8,0.50008273,0.54030436,0,0
199_3,8,0,8,0.5455451,0.44452262,0,0
289_1,8,0,8,0.53461534,0.468433,0,0
306_17,8,0,8,0.5911553,0.4316563,0,0
53_45,8,0,8,0.5451776,0.4959667,0,0
15_2,8,0,8,0.63305587,0.5192524,0,0
11_17,8,0,8,0.40325525,0.4807034,0,0
99_3,8,0,8,0.49981418,0.46254984,0,0
27_9,8,0,8,0.38663745,0.5184042,0,0
320_8,8,0,8,0.50597346,0.51992553,0,0
289_19,8,0,8,0.55522,0.4946617,0,0
55_25,8,0,8,0.47742033,0.56010705,0,0
55_7,8,0,8,0.5394154,0.53058994,0,0
86_18,8,0,8,0.5139054,0.48638237,0,0
11_5,8,0,8,0.5348735,0.48723012,0,0
70_22,8,0,8,0.4513119,0.45465717,0,0
54_11,8,0,8,0.5829213,0.47866523,0,0
86_44,8,0,8,0.601478,0.4914997,0,0
289_7,8,0,8,0.472003,0.4843728,0,0
298_16,8,0,8,0.5585992,0.47909856,0,0
53_44,8,0,8,0.43272063,0.5427773,0,0
11_6,8,0,8,0.5730748,0.45645574,0,0
325_47,8,0,8,0.5602585,0.48224512,0,0
333_1,8,0,8,0.49402493,0.46000198,0,0
284_11,8,0,8,0.46697697,0.5550483,0,0
294_1,8,0,8,0.5573188,0.4977237,0,0
289_15,8,0,8,0.5006831,0.49974823,0,0
54_3,8,0,8,0.48233435,0.43055153,0,0
333_2,8,0,8,0.5354636,0.4961148,0,0
209_2,8,0,8,0.49912012,0.49539107,0,0
54_1,8,0,8,0.5484412,0.5028164,0,0
251_1,8,0,8,0.51194394,0.5117812,0,0
308_8,8,0,8,0.5103702,0.4593849,0,0
54_14,8,0,8,0.5716299,0.5159545,0,0
179_5,8,0,8,0.4544573,0.4896611,0,0
53_13,8,0,8,0.52281684,0.43115762,0,0
53_24,8,0,8,0.51894104,0.45345676,0,0
294_33,8,0,8,0.5577034,0.5185011,0,0
5_7,8,0,8,0.48107392,0.4609579,0,0
11_7,8,0,8,0.58749163,0.51313555,0,0
86_58,8,0,8,0.47844505,0.49883425,0,0
190_2,8,0,8,0.4434855,0.43723804,0,0
294_44,8,0,8,0.53508484,0.4632613,0,0
298_30,8,0,8,0.5969332,0.49502075,0,0
294_16,8,0,8,0.5599617,0.4695871,0,0
325_50,8,0,8,0.49148226,0.4817922,0,0
289_8,8,0,8,0.635368,0.4939221,0,0
284_1,8,0,8,0.5758728,0.5378867,0,0
53_34,8,0,8,0.5773531,0.45653117,0,0
284_5,8,0,8,0.50950366,0.4858259,0,0
5_4,8,0,8,0.47437838,0.44233122,0,0
320_12,8,0,8,0.544796,0.5851062,0,0
325_28,8,0,8,0.46602914,0.48691094,0,0
294_3,8,0,8,0.55977654,0.4903388,0,0
70_23,8,0,8,0.54162586,0.5807754,0,0
54_8,8,0,8,0.5685735,0.42264456,0,0
55_13,8,0,8,0.6069459,0.52334905,0,0
99_9,8,0,8,0.59807193,0.5176022,0,0
308_3,8,0,8,0.57573515,0.46347278,0,0
323_3,8,0,8,0.4807766,0.47882673,0,0
298_11,8,0,8,0.59196925,0.43089676,0,0
131_5,8,0,8,0.4869487,0.51623607,0,0
325_22,8,0,8,0.44085598,0.46406698,0,0
298_49,8,0,8,0.61619633,0.5084255,0,0
335_3,8,0,8,0.4701569,0.41774493,0,0
320_2,8,0,8,0.51744044,0.49693274,0,0
289_28,8,0,8,0.4446329,0.49480158,0,0
251_3,8,0,8,0.391376,0.48026574,0,0
325_9,8,0,8,0.5777637,0.46230382,0,0
86_47,8,0,8,0.39115408,0.5392423,0,0
325_21,8,0,8,0.53060055,0.43854037,0,0
294_21,8,0,8,0.55383265,0.67499995,0,0
289_54,8,0,8,0.5086026,0.48652762,0,0
294_11,8,0,8,0.55364096,0.4513091,0,0
289_14,8,0,8,0.40644485,0.5339066,0,0
325_5,8,0,8,0.61238,0.4470968,0,0
294_8,8,0,8,0.5735199,0.45779476,0,0
55_15,8,0,8,0.58274645,0.47732687,0,0
100_4,8,0,8,0.5418203,0.44037604,0,0
55_4,8,0,8,0.47783703,0.48857424,0,0
115_6,8,0,8,0.57955086,0.482786,0,0
86_56,8,0,8,0.5103896,0.51436543,0,0
159_3,8,0,8,0.48491368,0.4834749,0,0
289_65,8,0,8,0.55632305,0.53585434,0,0
308_6,8,0,8,0.46061447,0.49397123,0,0
284_10,8,0,8,0.53332466,0.43606666,0,0
294_43,8,0,8,0.51659733,0.4388498,0,0
179_1,8,0,8,0.3870385,0.5212988,0,0
239_8,8,0,8,0.5485187,0.5202521,0,0
222_16,8,0,8,0.5363474,0.49404922,0,0
86_31,8,0,8,0.55756515,0.45817438,0,0
289_10,8,0,8,0.50118035,0.5559524,0,0
298_54,8,0,8,0.57501465,0.46645206,0,0
252_1,8,0,8,0.45658657,0.49067712,0,0
268_3,8,0,8,0.47978222,0.40963566,0,0
306_4,8,0,8,0.40406588,0.48986864,0,0
308_9,8,0,8,0.5299232,0.42594478,0,0
77_4,8,0,8,0.5201721,0.57032764,0,0
320_17,8,0,8,0.53473765,0.51900184,0,0
86_16,8,0,8,0.5448369,0.4875196,0,0
86_27,8,0,8,0.5788332,0.47314024,0,0
70_11,8,0,8,0.48835477,0.49589127,0,0
70_15,8,0,8,0.48080885,0.49217266,0,0
86_49,8,0,8,0.59285337,0.4921504,0,0
55_10,8,0,8,0.54526114,0.5665456,0,0
294_24,8,0,8,0.5747813,0.5515587,0,0
346_1,8,0,8,0.53756696,0.5418526,0,0
335_5,8,0,8,0.49633622,0.5167204,0,0
209_13,8,0,8,0.46562734,0.4938748,0,0
298_19,8,0,8,0.54793614,0.4460978,0,0
11_1,8,0,8,0.572098,0.46339992,0,0
154_9,8,0,8,0.52773905,0.55890906,0,0
298_34,8,0,8,0.49484408,0.54567564,0,0
21_1,8,0,8,0.53113496,0.47836208,0,0
298_22,8,0,8,0.56700826,0.47398314,0,0
194_1,8,0,8,0.5298605,0.50739133,0,0
199_2,8,0,8,0.4284638,0.489556,0,0
53_31,8,0,8,0.5933235,0.4402969,0,0
289_36,8,0,8,0.41383824,0.5216965,0,0
284_6,8,0,8,0.53402185,0.46128806,0,0
298_53,8,0,8,0.53062767,0.49231714,0,0
325_36,8,0,8,0.5704998,0.40113735,0,0
289_3,8,0,8,0.56583875,0.4248409,0,0
289_34,8,0,8,0.5207329,0.40215197,0,0
86_2,8,0,8,0.5688592,0.40536684,0,0
306_1,8,0,8,0.5790395,0.54774225,0,0
325_30,8,0,8,0.5351606,0.45874223,0,0
294_26,8,0,8,0.56189275,0.5465868,0,0
115_2,8,0,8,0.4626027,0.5342076,0,0
306_5,8,0,8,0.40306383,0.50456315,0,0
86_5,8,0,8,0.54095685,0.4550681,0,0
320_13,8,0,8,0.4981113,0.42387897,0,0
86_3,8,0,8,0.49851224,0.44558966,0,0
27_20,8,0,8,0.3907424,0.47977215,0,0
53_29,8,0,8,0.4865814,0.51496917,0,0
55_21,8,0,8,0.59423184,0.6370791,0,0
81_19,8,0,8,0.52052325,0.45870543,0,0
99_6,8,0,8,0.5123229,0.48456025,0,0
53_17,8,0,8,0.48531997,0.5893394,0,0
115_9,8,0,8,0.5247426,0.49423307,0,0
152_1,8,0,8,0.4102432,0.5150206,0,0
289_48,8,0,8,0.6052538,0.5188249,0,0
81_8,8,0,8,0.513341,0.4585609,0,0
86_39,8,0,8,0.518365,0.49443436,0,0
284_9,8,0,8,0.49883336,0.482564,0,0
294_10,8,0,8,0.47442654,0.5086339,0,0
325_46,8,0,8,0.59839785,0.4874035,0,0
5_14,8,0,8,0.53188086,0.43891323,0,0
298_6,8,0,8,0.55618817,0.47181416,0,0
31_9,8,0,8,0.5390996,0.53275704,0,0
115_3,8,0,8,0.5529224,0.5772135,0,0
159_2,8,0,8,0.4920972,0.4850927,0,0
55_11,8,0,8,0.5747185,0.5481019,0,0
54_18,8,0,8,0.55800617,0.4935013,0,0
11_15,8,0,8,0.50534815,0.547459,0,0
86_36,8,0,8,0.5314183,0.36211404,0,0
5_10,8,0,8,0.4378345,0.4068213,0,0
44_12,8,0,8,0.58792996,0.5422474,0,0
333_4,8,0,8,0.5042464,0.44636273,0,0
31_4,8,0,8,0.5158265,0.4767058,0,0
53_43,8,0,8,0.53263927,0.44882798,0,0
86_34,8,0,8,0.5661172,0.4844085,0,0
289_47,8,0,8,0.5843496,0.49349606,0,0
325_17,8,0,8,0.50455874,0.42698842,0,0
11_4,8,0,8,0.58734787,0.47465315,0,0
199_1,8,0,8,0.57168883,0.5205672,0,0
11_9,8,0,8,0.5300411,0.47116163,0,0
289_64,8,0,8,0.5756645,0.5036241,0,0
298_40,8,0,8,0.48350507,0.4391802,0,0
131_6,8,0,8,0.53917193,0.54984677,0,0
298_2,8,0,8,0.6039164,0.52889436,0,0
15_4,8,0,8,0.5290568,0.52217907,0,0
289_41,8,0,8,0.5815984,0.5650516,0,0
31_8,8,0,8,0.6040634,0.4592179,0,0
86_33,8,0,8,0.58313847,0.45745897,0,0
53_22,8,0,8,0.49179563,0.44751647,0,0
325_2,8,0,8,0.5928704,0.44071844,0,0
5_11,8,0,8,0.5790171,0.43701288,0,0
306_8,8,0,8,0.5550383,0.43103564,0,0
335_4,8,0,8,0.3997556,0.51432157,0,0
70_6,8,0,8,0.39287564,0.5097704,0,0
159_1,8,0,8,0.540218,0.51417935,0,0
1_1,8,0,8,0.5221525,0.4353166,0,0
162_4,8,0,8,0.5143774,0.5125906,0,0
289_5,8,0,8,0.5011533,0.46602118,0,0
289_18,8,0,8,0.5564023,0.47766107,0,0
320_7,8,0,8,0.5083753,0.4616852,0,0
53_47,8,0,8,0.56482893,0.5008604,0,0
27_16,8,0,8,0.40031794,0.49624723,0,0
131_3,8,0,8,0.5390429,0.39801127,0,0
55_9,8,0,8,0.47393116,0.5587609,0,0
70_17,8,0,8,0.6203481,0.57164496,0,0
83_1,8,0,8,0.46402207,0.45564914,0,0
289_44,8,0,8,0.5201709,0.47046477,0,0
53_8,8,0,8,0.5447591,0.46688938,0,0
55_3,8,0,8,0.44500747,0.553921,0,0
268_1,8,0,8,0.5559024,0.48062402,0,0
53_14,8,0,8,0.50069654,0.45147073,0,0
289_37,8,0,8,0.5023984,0.4970225,0,0
306_9,8,0,8,0.40082523,0.43795142,0,0
165_2,8,0,8,0.5769088,0.49706787,0,0
212_13,8,0,8,0.51831263,0.50983226,0,0
294_4,8,0,8,0.531996,0.52924085,0,0
323_2,8,0,8,0.55760074,0.48091084,0,0
86_26,8,0,8,0.4766713,0.4877646,0,0
86_35,8,0,8,0.5822625,0.45024118,0,0
53_38,8,0,8,0.5062125,0.49346054,0,0
325_51,8,0,8,0.5367463,0.532424,0,0
212_11,8,0,8,0.6072736,0.48406607,0,0
44_2,8,0,8,0.55416155,0.5266298,0,0
15_6,8,0,8,0.5414112,0.50045073,0,0
86_29,8,0,8,0.6012355,0.50012404,0,0
325_37,8,0,8,0.5307835,0.4418943,0,0
125_9,8,0,8,0.5449513,0.4618385,0,0
274_7,8,0,8,0.546789,0.41382852,0,0
27_13,8,0,8,0.42135352,0.5230699,0,0
222_7,8,0,8,0.55744785,0.48354232,0,0
70_12,8,0,8,0.42699325,0.5048475,0,0
115_10,8,0,8,0.52670187,0.4666766,0,0
209_12,8,0,8,0.4387728,0.49223787,0,0
53_2,8,0,8,0.5774146,0.47306532,0,0
298_4,8,0,8,0.5476687,0.4772458,0,0
254_1,8,0,8,0.5714091,0.53129464,0,0
44_9,8,0,8,0.5132359,0.4819588,0,0
70_4,8,0,8,0.48374605,0.59029424,0,0
53_46,8,0,8,0.5373409,0.47520608,0,0
5_13,8,0,8,0.5039365,0.50752175,0,0
86_32,8,0,8,0.59873503,0.47871754,0,0
298_55,8,0,8,0.57020235,0.4200123,0,0
289_25,8,0,8,0.60534525,0.4834816,0,0
298_31,8,0,8,0.5921564,0.49434537,0,0
53_10,8,0,8,0.48663372,0.5224858,0,0
325_43,8,0,8,0.50757086,0.46318868,0,0
53_12,8,0,8,0.6091193,0.5053756,0,0
222_5,8,0,8,0.47343606,0.4954307,0,0
53_32,8,0,8,0.55072886,0.49571276,0,0
298_37,8,0,8,0.5926746,0.51786613,0,0
320_9,8,0,8,0.5953553,0.49462846,0,0
294_19,8,0,8,0.54879165,0.5025949,0,0
55_19,8,0,8,0.5692661,0.6027102,0,0
27_5,8,0,8,0.40576535,0.50458527,0,0
53_7,8,0,8,0.59619147,0.4660594,0,0
53_21,8,0,8,0.49293888,0.47205722,0,0
1_2,8,0,8,0.5852608,0.5129473,0,0
55_16,8,0,8,0.5211165,0.57945246,0,0
181_2,8,0,8,0.4547916,0.5230125,0,0
81_4,8,0,8,0.5497181,0.49162462,0,0
222_13,8,0,8,0.539351,0.53762007,0,0
289_31,8,0,8,0.58449787,0.5096735,0,0
325_12,8,0,8,0.534214,0.42009193,0,0
222_15,8,0,8,0.43506813,0.43186396,0,0
162_3,8,0,8,0.45681912,0.5906093,0,0
284_8,8,0,8,0.4882717,0.5240654,0,0
325_45,8,0,8,0.5022139,0.5040519,0,0
320_14,8,0,8,0.57522786,0.5413103,0,0
154_8,8,0,8,0.4664417,0.54164326,0,0
298_5,8,0,8,0.54129404,0.40518796,0,0
323_1,8,0,8,0.5765936,0.5175045,0,0
77_3,8,0,8,0.5090903,0.55008566,0,0
53_18,8,0,8,0.5634284,0.5209913,0,0
179_4,8,0,8,0.49038464,0.48337597,0,0
294_34,8,0,8,0.477901,0.43359143,0,0
305_3,8,0,8,0.5433445,0.50673485,0,0
294_22,8,0,8,0.5503731,0.4856484,0,0
325_39,8,0,8,0.53997755,0.5021685,0,0
209_8,8,0,8,0.5977394,0.5699249,0,0
306_12,8,0,8,0.40515745,0.49924177,0,0
53_36,8,0,8,0.5346978,0.49556443,0,0
86_19,8,0,8,0.5181649,0.49251634,0,0
70_8,8,0,8,0.5753299,0.4774506,0,0
125_6,8,0,8,0.52086836,0.5118595,0,0
45_9,8,0,8,0.5739392,0.5305456,0,0
237_5,8,0,8,0.5035432,0.4940078,0,0
251_2,8,0,8,0.46778506,0.5280415,0,0
53_33,8,0,8,0.5275694,0.49750876,0,0
294_32,8,0,8,0.5211557,0.5566442,0,0
54_16,8,0,8,0.5291579,0.4795043,0,0
239_3,8,0,8,0.4224726,0.50975364,0,0
289_29,8,0,8,0.5059873,0.51864946,0,0
298_24,8,0,8,0.56063694,0.4604307,0,0
27_18,8,0,8,0.4000781,0.52515554,0,0
325_16,8,0,8,0.52155113,0.47135305,0,0
5_9,8,0,8,0.50592256,0.4449728,0,0
274_3,8,0,8,0.5041192,0.4737714,0,0
298_50,8,0,8,0.5548532,0.37875715,0,0
294_45,8,0,8,0.5671688,0.45895296,0,0
305_1,8,0,8,0.50145507,0.53158695,0,0
306_10,8,0,8,0.6112046,0.47955287,0,0
86_13,8,0,8,0.55311275,0.5023947,0,0
70_20,8,0,8,0.5703984,0.53023696,0,0
5_5,8,0,8,0.5036261,0.4857103,0,0
31_7,8,0,8,0.3969112,0.52555037,0,0
45_10,8,0,8,0.5448973,0.48830646,0,0
181_1,8,0,8,0.487525,0.59397066,0,0
212_9,8,0,8,0.5715042,0.5375025,0,0
5_3,8,0,8,0.51487225,0.48019004,0,0
289_12,8,0,8,0.4999227,0.48293993,0,0
306_14,8,0,8,0.5040572,0.5385402,0,0
31_3,8,0,8,0.45821893,0.4806869,0,0
222_4,8,0,8,0.55070114,0.4456009,0,0
294_12,8,0,8,0.5635767,0.44861138,0,0
159_9,8,0,8,0.4716514,0.509737,0,0
44_1,8,0,8,0.504876,0.4968725,0,0
70_24,8,0,8,0.48224065,0.42647952,0,0
325_20,8,0,8,0.5414802,0.46585736,0,0
45_5,8,0,8,0.525317,0.3952189,0,0
335_10,8,0,8,0.52776897,0.5505792,0,0
11_2,8,0,8,0.51951975,0.44121355,0,0
298_14,8,0,8,0.56879574,0.4015391,0,0
27_6,8,0,8,0.40007296,0.48498976,0,0
325_15,8,0,8,0.49673373,0.39590505,0,0
298_12,8,0,8,0.5577059,0.51141757,0,0
298_43,8,0,8,0.49482566,0.41892874,0,0
274_4,8,0,8,0.52376944,0.51991713,0,0
325_6,8,0,8,0.5954989,0.45110863,0,0
308_10,8,0,8,0.5297004,0.43465427,0,0
294_37,8,0,8,0.5357575,0.5255637,0,0
289_26,8,0,8,0.49350676,0.52608895,0,0
323_4,8,0,8,0.54278654,0.52062166,0,0
86_48,8,0,8,0.49693882,0.39849678,0,0
306_7,8,0,8,0.39902326,0.4888103,0,0
55_18,8,0,8,0.49842203,0.5794642,0,0
99_2,8,0,8,0.52945393,0.5114952,0,0
209_1,8,0,8,0.48269135,0.4778005,0,0
325_38,8,0,8,0.5309937,0.44926146,0,0
314_2,8,0,8,0.4359047,0.5184547,0,0
86_4,8,0,8,0.55002046,0.4326639,0,0
86_17,8,0,8,0.4734713,0.47373024,0,0
154_3,8,0,8,0.37227935,0.524721,0,0
289_11,8,0,8,0.4851756,0.5287009,0,0
289_38,8,0,8,0.5548502,0.47361362,0,0
274_1,8,0,8,0.5629554,0.5160972,0,0
325_44,8,0,8,0.5332145,0.47278965,0,0
325_48,8,0,8,0.56968474,0.4801876,0,0
335_6,8,0,8,0.5636026,0.5308114,0,0
298_46,8,0,8,0.62079775,0.4198962,0,0
152_4,8,0,8,0.42086107,0.4850573,0,0
44_29,8,0,8,0.4927072,0.51680446,0,0
104_3,8,0,8,0.52248627,0.43348646,0,0
325_42,8,0,8,0.42570496,0.5032661,0,0
81_13,8,0,8,0.3914159,0.530441,0,0
70_29,8,0,8,0.54569125,0.5394078,0,0
294_15,8,0,8,0.6176592,0.46712887,0,0
237_1,8,0,8,0.53157187,0.43726632,0,0
157_10,8,0,8,0.5283704,0.5178083,0,0
325_33,8,0,8,0.52281594,0.44709745,0,0
289_68,8,0,8,0.56495214,0.5289695,0,0
298_32,8,0,8,0.5638214,0.46765324,0,0
294_41,8,0,8,0.526039,0.48045114,0,0
289_39,8,0,8,0.5093791,0.52908295,0,0
332_1,8,0,8,0.35,0.5283031,0,0
325_32,8,0,8,0.57971895,0.4485853,0,0
289_35,8,0,8,0.5829755,0.5226404,0,0
333_3,8,0,8,0.47553983,0.5406841,0,0
308_5,8,0,8,0.5216411,0.4478268,0,0
298_26,8,0,8,0.5355182,0.41008115,0,0
27_19,8,0,8,0.3963763,0.50771403,0,0
298_59,8,0,8,0.5806583,0.517449,0,0
53_11,8,0,8,0.4723841,0.47659177,0,0
54_4,8,0,8,0.50988424,0.49551636,0,0
298_58,8,0,8,0.5482439,0.51664054,0,0
325_31,8,0,8,0.5595077,0.45417523,0,0
81_17,8,0,8,0.6145277,0.53110194,0,0
150_4,8,0,8,0.57272834,0.56133455,0,0
308_7,8,0,8,0.47850853,0.4011995,0,0
335_9,8,0,8,0.57083106,0.49057087,0,0
45_2,8,0,8,0.51408625,0.47475803,0,0
289_17,8,0,8,0.47836876,0.49183995,0,0
289_16,8,0,8,0.46863857,0.48650688,0,0
53_37,8,0,8,0.557341,0.4892041,0,0
53_41,8,0,8,0.57713056,0.46214783,0,0
308_2,8,0,8,0.54124564,0.39810103,0,0
320_5,8,0,8,0.5332481,0.42507783,0,0
268_4,8,0,8,0.49983263,0.4990906,0,0
335_7,8,0,8,0.54755455,0.4375402,0,0
44_25,8,0,8,0.5307416,0.5080718,0,0
99_8,8,0,8,0.42353007,0.49446094,0,0
239_7,8,0,8,0.52946657,0.5045378,0,0
81_21,8,0,8,0.5547529,0.4602888,0,0
55_2,8,0,8,0.5252321,0.56264675,0,0
11_13,8,0,8,0.5642258,0.47129488,0,0
306_16,8,0,8,0.5970875,0.4534083,0,0
294_38,8,0,8,0.50097555,0.48338658,0,0
325_23,8,0,8,0.5579589,0.3849822,0,0
53_50,8,0,8,0.531033,0.5374031,0,0
306_19,8,0,8,0.60282344,0.4848408,0,0
150_5,8,0,8,0.51039803,0.5714247,0,0
27_11,8,0,8,0.38424355,0.50507796,0,0
289_53,8,0,8,0.5240413,0.4420654,0,0
325_41,8,0,8,0.47523916,0.46652138,0,0
274_10,8,0,8,0.52432,0.5510477,0,0
86_54,8,0,8,0.57776594,0.4857425,0,0
190_14,8,0,8,0.3827355,0.5077273,0,0
289_2,8,0,8,0.5331217,0.44250372,0,0
298_21,8,0,8,0.5436175,0.46592885,0,0
115_7,8,0,8,0.5673054,0.46966228,0,0
44_23,8,0,8,0.40416723,0.4989002,0,0
150_2,8,0,8,0.5178727,0.55513895,0,0
53_39,8,0,8,0.4883076,0.47461087,0,0
294_25,8,0,8,0.57096577,0.5549328,0,0
298_36,8,0,8,0.5295274,0.5501385,0,0
86_42,8,0,8,0.568972,0.51155156,0,0
86_37,8,0,8,0.64168644,0.46865162,0,0
53_6,8,0,8,0.48036054,0.45652094,0,0
115_5,8,0,8,0.5538196,0.52850026,0,0
53_25,8,0,8,0.50641036,0.48727384,0,0
54_13,8,0,8,0.5140342,0.5050313,0,0
294_35,8,0,8,0.4670229,0.4824231,0,0
298_28,8,0,8,0.41129455,0.53783834,0,0
298_8,8,0,8,0.5345756,0.5070214,0,0
143_5,8,0,8,0.5671234,0.44533214,0,0
86_6,8,0,8,0.49304438,0.41384783,0,0
298_1,8,0,8,0.6268116,0.48016113,0,0
237_2,8,0,8,0.488069,0.5322136,0,0
53_9,8,0,8,0.6198498,0.45426384,0,0
81_6,8,0,8,0.4721465,0.4585939,0,0
181_8,8,0,8,0.49867767,0.5238366,0,0
325_53,8,0,8,0.52675277,0.5053112,0,0
289_58,8,0,8,0.42901045,0.52269155,0,0
27_2,8,0,8,0.3915891,0.48851874,0,0
190_8,8,0,8,0.38634256,0.50821877,0,0
31_2,8,0,8,0.6171296,0.43720007,0,0
31_6,8,0,8,0.44952106,0.4984486,0,0
209_14,8,0,8,0.476227,0.533946,0,0
325_25,8,0,8,0.448288,0.4859113,0,0
298_17,8,0,8,0.5353332,0.47165954,0,0
298_23,8,0,8,0.558983,0.5375104,0,0
115_1,8,0,8,0.57342744,0.5391472,0,0
298_9,8,0,8,0.5982703,0.54469556,0,0
44_17,8,0,8,0.50924736,0.44406843,0,0
86_28,8,0,8,0.62062204,0.35,0,0
159_4,8,0,8,0.5118331,0.5375278,0,0
86_11,8,0,8,0.53051454,0.48782378,0,0
325_56,8,0,8,0.4141956,0.5255041,0,0
306_11,8,0,8,0.44322044,0.51814663,0,0
86_10,8,0,8,0.5409575,0.49473727,0,0
55_8,8,0,8,0.5633327,0.5438849,0,0
131_8,8,0,8,0.57882035,0.48257858,0,0
325_52,8,0,8,0.5449651,0.515319,0,0
289_66,8,0,8,0.5711326,0.47629842,0,0
294_40,8,0,8,0.5045056,0.5357429,0,0
81_23,8,0,8,0.44503015,0.52785736,0,0
81_1,8,0,8,0.39428383,0.4951568,0,0
5_15,8,0,8,0.42458904,0.41056654,0,0
289_21,8,0,8,0.56019664,0.4656575,0,0
45_4,8,0,8,0.54317856,0.5652375,0,0
27_14,8,0,8,0.41072503,0.5132617,0,0
86_24,8,0,8,0.5129475,0.43246955,0,0
99_10,8,0,8,0.57438207,0.4035016,0,0
325_3,8,0,8,0.5737637,0.4341332,0,0
55_20,8,0,8,0.51686555,0.5775247,0,0
320_1,8,0,8,0.4905244,0.45231208,0,0
150_3,8,0,8,0.51080745,0.5657214,0,0
86_40,8,0,8,0.5438025,0.4252956,0,0
154_2,8,0,8,0.3674373,0.5176462,0,0
154_4,8,0,8,0.47731444,0.52067304,0,0
289_43,8,0,8,0.4838217,0.45681325,0,0
11_14,8,0,8,0.5367842,0.50257355,0,0
325_49,8,0,8,0.53696597,0.5007645,0,0
53_49,8,0,8,0.58544993,0.5586422,0,0
86_23,8,0,8,0.5435037,0.44933715,0,0
289_61,8,0,8,0.56987745,0.5089004,0,0
55_14,8,0,8,0.5601402,0.6040027,0,0
294_29,8,0,8,0.50263447,0.5660024,0,0
274_2,8,0,8,0.5011622,0.5140352,0,0
294_39,8,0,8,0.6172806,0.60214615,0,0
5_12,8,0,8,0.43749845,0.46121466,0,0
54_10,8,0,8,0.5670831,0.4934577,0,0
325_4,8,0,8,0.40801474,0.4864545,0,0
325_14,8,0,8,0.48127976,0.45538676,0,0
81_7,8,0,8,0.48097658,0.48015845,0,0
53_23,8,0,8,0.50990903,0.46401495,0,0
212_6,8,0,8,0.5644444,0.5124126,0,0
289_62,8,0,8,0.40391546,0.5297209,0,0
159_5,8,0,8,0.49852717,0.48503846,0,0
53_26,8,0,8,0.5467792,0.51265943,0,0
320_4,8,0,8,0.4558221,0.44903487,0,0
325_29,8,0,8,0.4850607,0.507211,0,0
222_12,8,0,8,0.5630767,0.47777656,0,0
298_27,8,0,8,0.54141134,0.4431786,0,0
179_6,8,0,8,0.46246523,0.52209365,0,0
207_3,8,0,8,0.37228638,0.50025856,0,0
212_4,8,0,8,0.50347984,0.5720275,0,0
237_3,8,0,8,0.5310113,0.46191692,0,0
81_14,8,0,8,0.58226085,0.54116696,0,0
222_17,8,0,8,0.5779019,0.44681078,0,0
306_21,8,0,8,0.54873973,0.48099852,0,0
325_57,8,0,8,0.5998975,0.4416635,0,0
53_48,8,0,8,0.5150986,0.5149922,0,0
86_12,8,0,8,0.56731504,0.537332,0,0
27_21,8,0,8,0.39609846,0.50023055,0,0
165_3,8,0,8,0.5563742,0.4873649,0,0
289_22,8,0,8,0.55209005,0.48332965,0,0
294_23,8,0,8,0.5064045,0.5602697,0,0
150_1,8,0,8,0.5253412,0.5600834,0,0
81_9,8,0,8,0.58504266,0.47008258,0,0
289_23,8,0,8,0.52921116,0.49192792,0,0
5_17,8,0,8,0.47304094,0.47765392,0,0
298_3,8,0,8,0.56675196,0.48434466,0,0
53_16,8,0,8,0.4910264,0.51377326,0,0
325_26,8,0,8,0.6024525,0.43521085,0,0
157_14,8,0,8,0.5696015,0.4782948,0,0
222_10,8,0,8,0.51880234,0.5060761,0,0
320_6,8,0,8,0.4511823,0.44674453,0,0
44_6,8,0,8,0.41076693,0.49842095,0,0
104_4,8,0,8,0.53274775,0.47151226,0,0
53_42,8,0,8,0.44035423,0.547548,0,0
53_30,8,0,8,0.55020905,0.43489236,0,0
284_4,8,0,8,0.40432805,0.5264002,0,0
298_44,8,0,8,0.5723858,0.45298314,0,0
289_59,8,0,8,0.56346714,0.53633296,0,0
298_15,8,0,8,0.5143436,0.49350834,0,0
181_3,8,0,8,0.50916016,0.5949015,0,0
44_28,8,0,8,0.51316977,0.49948597,0,0
154_5,8,0,8,0.5069947,0.46049786,0,0
104_2,8,0,8,0.51917,0.50129974,0,0
212_7,8,0,8,0.5730645,0.48014003,0,0
254_2,8,0,8,0.4263515,0.5031139,0,0
45_1,8,0,8,0.4246801,0.47629905,0,0
190_6,8,0,8,0.5404432,0.42455548,0,0
212_10,8,0,8,0.48900002,0.49135673,0,0
289_56,8,0,8,0.55377257,0.55381215,0,0
143_1,8,0,8,0.5524341,0.496639,0,0
125_8,8,0,8,0.5680051,0.55490506,0,0
294_7,8,0,8,0.50737166,0.46681136,0,0
325_10,8,0,8,0.40686482,0.4998513,0,0
306_3,8,0,8,0.4111878,0.49488175,0,0
274_5,8,0,8,0.5231263,0.52051514,0,0
308_1,8,0,8,0.5568756,0.4713114,0,0
11_10,8,0,8,0.56525093,0.47534877,0,0
294_42,8,0,8,0.565199,0.4553474,0,0
298_35,8,0,8,0.4989727,0.56073785,0,0
70_14,8,0,8,0.4486509,0.52729243,0,0
86_14,8,0,8,0.4846279,0.4727221,0,0
320_16,8,0,8,0.51682913,0.48677015,0,0
181_5,8,0,8,0.3838282,0.51438123,0,0
289_27,8,0,8,0.54079795,0.53915334,0,0
325_7,8,0,8,0.5213415,0.46394485,0,0
320_3,8,0,8,0.49429578,0.44897965,0,0
212_2,8,0,8,0.63063246,0.5012526,0,0
305_2,8,0,8,0.4900496,0.51846045,0,0
115_4,8,0,8,0.4907971,0.49479723,0,0
294_30,8,0,8,0.49695978,0.52408373,0,0
100_3,8,0,8,0.45426026,0.5125996,0,0
237_6,8,0,8,0.5281274,0.48519343,0,0
335_2,8,0,8,0.49676698,0.48115274,0,0
11_8,8,0,8,0.53695554,0.4772936,0,0
54_17,8,0,8,0.5728321,0.50534344,0,0
53_15,8,0,8,0.52759075,0.4933797,0,0
239_4,8,0,8,0.5514673,0.48447895,0,0
5_2,8,0,8,0.5183978,0.49099,0,0
325_13,8,0,8,0.46244228,0.48185408,0,0
145_4,8,0,8,0.6271248,0.4996472,0,0
332_3,8,0,8,0.4997013,0.52782285,0,0
162_6,8,0,8,0.4682334,0.60752374,0,0
53_19,8,0,8,0.55944866,0.4157028,0,0
31_5,8,0,8,0.4847718,0.50860703,0,0
45_8,8,0,8,0.3924559,0.50362664,0,0
55_22,8,0,8,0.5342104,0.59710085,0,0
86_50,8,0,8,0.52630067,0.5190282,0,0
45_6,8,0,8,0.5304159,0.5231053,0,0
181_4,8,0,8,0.44124484,0.527673,0,0
53_1,8,0,8,0.4788714,0.5015611,0,0
268_5,8,0,8,0.5174216,0.51212376,0,0
306_2,8,0,8,0.5341823,0.5154593,0,0
54_5,8,0,8,0.5050657,0.4996311,0,0
320_15,8,0,8,0.49001485,0.47478092,0,0
44_14,8,0,8,0.58698785,0.53872,0,0
289_46,8,0,8,0.5390337,0.5484102,0,0
298_13,8,0,8,0.5885082,0.424806,0,0
320_11,8,0,8,0.48337513,0.5218085,0,0
53_35,8,0,8,0.4879792,0.47514188,0,0
11_16,8,0,8,0.43524677,0.48234278,0,0
162_1,8,0,8,0.5052515,0.51979566,0,0
254_6,8,0,8,0.5324863,0.528166,0,0
284_7,8,0,8,0.55320305,0.5190471,0,0
15_3,8,0,8,0.49803203,0.51785004,0,0
44_16,8,0,8,0.41866922,0.51504767,0,0
143_2,8,0,8,0.5473733,0.48818475,0,0
325_55,8,0,8,0.5951956,0.5066359,0,0
11_11,8,0,8,0.60505724,0.45222694,0,0
298_47,8,0,8,0.54116195,0.47559655,0,0
181_9,8,0,8,0.36531222,0.5141224,0,0
5_8,8,0,8,0.48552468,0.49706787,0,0
5_18,8,0,8,0.52952313,0.45151013,0,0
44_15,8,0,8,0.53198266,0.51435876,0,0
54_9,8,0,8,0.50354505,0.50125986,0,0
289_33,8,0,8,0.5842003,0.53391284,0,0
27_8,8,0,8,0.39824504,0.50902164,0,0
289_57,8,0,8,0.53544384,0.49284267,0,0
289_49,8,0,8,0.6170356,0.5184936,0,0
125_5,8,0,8,0.58378285,0.4485748,0,0
325_40,8,0,8,0.48196542,0.5253197,0,0
294_27,8,0,8,0.57958156,0.5432587,0,0
298_7,8,0,8,0.5640134,0.48666698,0,0
308_4,8,0,8,0.57979167,0.4975456,0,0
207_1,8,0,8,0.44863698,0.43621358,0,0
53_3,8,0,8,0.5017914,0.44925404,0,0
325_19,8,0,8,0.56072265,0.41162476,0,0
294_31,8,0,8,0.5156907,0.48387516,0,0
274_6,8,0,8,0.40351805,0.4899997,0,0
294_36,8,0,8,0.49097887,0.47397673,0,0
145_1,8,0,8,0.4754756,0.49235114,0,0
154_10,8,0,8,0.5926534,0.50439066,0,0
70_30,8,0,8,0.51716596,0.5649933,0,0
212_12,8,0,8,0.57002735,0.5688754,0,0
294_48,8,0,8,0.5779295,0.5069953,0,0
53_5,8,0,8,0.5175571,0.47328705,0,0
289_20,8,0,8,0.5480468,0.5074504,0,0
209_5,8,0,8,0.5793091,0.4894262,0,0
298_29,8,0,8,0.54396707,0.5053852,0,0
325_24,8,0,8,0.51372373,0.4034135,0,0
298_25,8,0,8,0.577578,0.49417326,0,0
53_27,8,0,8,0.48965698,0.54090077,0,0
125_2,8,0,8,0.47099736,0.49837595,0,0
298_18,8,0,8,0.5530051,0.47954994,0,0
70_19,8,0,8,0.5647731,0.5043757,0,0
157_9,8,0,8,0.52950484,0.48002547,0,0
70_26,8,0,8,0.5326262,0.4909151,0,0
70_9,8,0,8,0.48910943,0.4792868,0,0
86_7,8,0,8,0.5038595,0.47094095,0,0
325_35,8,0,8,0.48616105,0.46819425,0,0
54_15,8,0,8,0.5748414,0.4391421,0,0
289_30,8,0,8,0.545897,0.48738456,0,0
306_15,8,0,8,0.5597117,0.5025907,0,0
306_18,8,0,8,0.59750384,0.45794296,0,0
298_20,8,0,8,0.5516549,0.46850073,0,0
289_55,8,0,8,0.5394404,0.4985973,0,0
125_3,8,0,8,0.57456076,0.48871398,0,0
294_14,8,0,8,0.48395908,0.46265483,0,0
209_6,8,0,8,0.49008474,0.5199529,0,0
294_18,8,0,8,0.56007785,0.45015293,0,0
27_4,8,0,8,0.38036177,0.49728042,0,0
298_42,8,0,8,0.5686072,0.5031794,0,0
44_22,8,0,8,0.58381623,0.6141561,0,0
298_56,8,0,8,0.4779695,0.5184841,0,0
54_12,8,0,8,0.5014336,0.4876164,0,0
289_9,8,0,8,0.4743952,0.502692,0,0
70_7,8,0,8,0.4687433,0.53752714,0,0
289_32,8,0,8,0.5660615,0.5084668,0,0
289_13,8,0,8,0.5630004,0.48795742,0,0
86_41,8,0,8,0.5756109,0.4946356,0,0
298_52,8,0,8,0.54584694,0.49028778,0,0
342_1,8,0,8,0.3869803,0.49631196,0,0
53_4,8,0,8,0.51595646,0.5387953,0,0
239_2,8,0,8,0.5602472,0.52030814,0,0
289_50,8,0,8,0.65223014,0.5363038,0,0
320_10,8,0,8,0.4692635,0.48798707,0,0
209_9,8,0,8,0.48797932,0.51138484,0,0
298_10,8,0,8,0.570566,0.48892945,0,0
55_17,8,0,8,0.5508655,0.52935493,0,0
325_54,8,0,8,0.5422447,0.51723164,0,0
294_46,8,0,8,0.50896347,0.47772837,0,0
53_28,8,0,8,0.45685488,0.49370962,0,0
294_6,8,0,8,0.5224923,0.4744578,0,0
86_21,8,0,8,0.5138375,0.42547524,0,0
86_8,8,0,8,0.4871115,0.4981798,0,0
70_10,8,0,8,0.51892173,0.54150003,0,0
298_48,8,0,8,0.5726286,0.4329007,0,0
81_18,8,0,8,0.43239826,0.5264084,0,0
289_60,8,0,8,0.5839889,0.5149124,0,0
154_7,8,0,8,0.3546462,0.535784,0,0
70_3,8,0,8,0.52902305,0.51759124,0,0
298_39,8,0,8,0.541693,0.5296379,0,0
54_19,8,0,8,0.56750345,0.47822472,0,0
86_43,8,0,8,0.62104714,0.45406374,0,0
190_12,8,0,8,0.53892434,0.48633096,0,0
53_20,8,0,8,0.5395793,0.58380336,0,0
209_18,8,0,8,0.36701947,0.4943965,0,0
294_9,8,0,8,0.5049745,0.51343375,0,0
325_1,8,0,8,0.52104133,0.52252096,0,0
15_5,8,0,8,0.54012007,0.5269145,0,0
294_5,8,0,8,0.56526506,0.529804,0,0
251_5,8,0,8,0.4836728,0.4950865,0,0
86_38,8,0,8,0.4997362,0.44258326,0,0
325_34,8,0,8,0.5159308,0.4492236,0,0
44_20,8,0,8,0.52684164,0.48562974,0,0
44_4,8,0,8,0.62511545,0.52071816,0,0
44_26,8,0,8,0.46338695,0.47510916,0,0
125_10,8,0,8,0.3958861,0.526705,0,0
11_3,8,0,8,0.5299158,0.48026115,0,0
159_7,8,0,8,0.531623,0.46822786,0,0
325_8,8,0,8,0.59171826,0.47971603,0,0
212_14,8,0,8,0.5567436,0.5979983,0,0
332_2,8,0,8,0.46531513,0.498573,0,0
335_8,8,0,8,0.5434445,0.53116524,0,0
289_4,8,0,8,0.5497848,0.45365137,0,0
5_19,8,0,8,0.5023169,0.5592421,0,0
284_12,8,0,8,0.4838621,0.5500716,0,0
55_23,8,0,8,0.4730196,0.54944897,0,0
289_24,8,0,8,0.5427498,0.42084724,0,0
181_7,8,0,8,0.485466,0.46968952,0,0
298_45,8,0,8,0.5806491,0.43749225,0,0
212_1,8,0,8,0.49800736,0.5814483,0,0
289_6,8,0,8,0.57045394,0.45267522,0,0
239_5,8,0,8,0.52093583,0.4825837,0,0
145_3,8,0,8,0.4850732,0.45907187,0,0
289_45,8,0,8,0.5596172,0.52045923,0,0
157_7,8,0,8,0.49817342,0.47167516,0,0
